process_name,from_state,to_state,command,role,condition,message_text,reply_markup,inline_markup,notification,integrations,result_action,bot_command,bot_description
TaxiDelivery,start,choose_service,/start,client,,"–ó–¥—Ä–∞–≤—Å—Ç–≤—É–π—Ç–µ! –í—ã–±–µ—Ä–∏—Ç–µ —É—Å–ª—É–≥—É:",üöï –¢–∞–∫—Å–∏|üçï –î–æ—Å—Ç–∞–≤–∫–∞,,,,,/start,–ó–∞–ø—É—Å—Ç–∏—Ç—å –±–æ—Ç–∞
TaxiDelivery,choose_service,enter_from,üöï –¢–∞–∫—Å–∏,client,,"–í–≤–µ–¥–∏—Ç–µ –∞–¥—Ä–µ—Å –ø–æ–¥–∞—á–∏ —Ç–∞–∫—Å–∏:",,,,
TaxiDelivery,choose_service,enter_from,üçï –î–æ—Å—Ç–∞–≤–∫–∞,client,,"–í–≤–µ–¥–∏—Ç–µ –∞–¥—Ä–µ—Å –¥–æ—Å—Ç–∞–≤–∫–∏:",,,,
TaxiDelivery,enter_from,enter_to,<text>,client,,"–í–≤–µ–¥–∏—Ç–µ –∞–¥—Ä–µ—Å –Ω–∞–∑–Ω–∞—á–µ–Ω–∏—è (–∫—É–¥–∞ –µ—Ö–∞—Ç—å/–¥–æ—Å—Ç–∞–≤–∏—Ç—å):",,,,"save:from_address:{text}"
TaxiDelivery,enter_to,enter_phone,<text>,client,,"–í–≤–µ–¥–∏—Ç–µ –∫–æ–Ω—Ç–∞–∫—Ç–Ω—ã–π —Ç–µ–ª–µ—Ñ–æ–Ω:",,,,"save:to_address:{text}"
TaxiDelivery,enter_phone,confirm,–ü–æ–¥—Ç–≤–µ—Ä–¥–∏—Ç—å,client,,"–ü—Ä–æ–≤–µ—Ä—å—Ç–µ –¥–∞–Ω–Ω—ã–µ –∏ –ø–æ–¥—Ç–≤–µ—Ä–¥–∏—Ç–µ –∑–∞–∫–∞–∑.",–ü–æ–¥—Ç–≤–µ—Ä–¥–∏—Ç—å|–ò–∑–º–µ–Ω–∏—Ç—å –∞–¥—Ä–µ—Å|–ò–∑–º–µ–Ω–∏—Ç—å —Ç–µ–ª–µ—Ñ–æ–Ω,,,
TaxiDelivery,confirm,waiting,–ü–æ–¥—Ç–≤–µ—Ä–¥–∏—Ç—å,client,,"–í–∞—à –∑–∞–∫–∞–∑ –ø—Ä–∏–Ω—è—Ç! –û–∂–∏–¥–∞–π—Ç–µ –Ω–∞–∑–Ω–∞—á–µ–Ω–∏—è –∏—Å–ø–æ–ª–Ω–∏—Ç–µ–ª—è.",,,–û–ø–µ—Ä–∞—Ç–æ—Ä—É: –ù–æ–≤—ã–π –∑–∞–∫–∞–∑,,notify_operator
TaxiDelivery,waiting,assign_exec,–ù–∞–∑–Ω–∞—á–∏—Ç—å,operator,,"–ù–∞–∑–Ω–∞—á—å—Ç–µ –≤–æ–¥–∏—Ç–µ–ª—è/–∫—É—Ä—å–µ—Ä–∞ –¥–ª—è –∑–∞–∫–∞–∑–∞.",[–°–ø–∏—Å–æ–∫ –∏—Å–ø–æ–ª–Ω–∏—Ç–µ–ª–µ–π],,,"assign_executor"
TaxiDelivery,assign_exec,notify_exec,<–≤—ã–±—Ä–∞–Ω –∏—Å–ø–æ–ª–Ω–∏—Ç–µ–ª—å>,operator,,"–ò—Å–ø–æ–ª–Ω–∏—Ç–µ–ª—å –Ω–∞–∑–Ω–∞—á–µ–Ω. –£–≤–µ–¥–æ–º–ª–µ–Ω–∏–µ –æ—Ç–ø—Ä–∞–≤–ª–µ–Ω–æ.",,,–ò—Å–ø–æ–ª–Ω–∏—Ç–µ–ª—é: –ù–æ–≤—ã–π –∑–∞–∫–∞–∑,,notify_executor
TaxiDelivery,notify_exec,exec_accept,–ü—Ä–∏–Ω—è—Ç—å –∑–∞–∫–∞–∑,executor,,"–í—ã –ø—Ä–∏–Ω—è–ª–∏ –∑–∞–∫–∞–∑. –í –ø—É—Ç–∏ –∫ –∫–ª–∏–µ–Ω—Ç—É.",–ó–∞–≤–µ—Ä—à–∏—Ç—å|–û—Ç–º–µ–Ω–∏—Ç—å,,–ö–ª–∏–µ–Ω—Ç—É: –í–∞—à –∑–∞–∫–∞–∑ –≤ –ø—É—Ç–∏,,notify_client
TaxiDelivery,exec_accept,done,–ó–∞–≤–µ—Ä—à–∏—Ç—å,executor,,"–ó–∞–∫–∞–∑ –∑–∞–≤–µ—Ä—à—ë–Ω. –°–ø–∞—Å–∏–±–æ!",,,–ö–ª–∏–µ–Ω—Ç—É: –ó–∞–∫–∞–∑ –∑–∞–≤–µ—Ä—à—ë–Ω,,order_done
TaxiDelivery,exec_accept,cancelled,–û—Ç–º–µ–Ω–∏—Ç—å,executor,,"–ó–∞–∫–∞–∑ –æ—Ç–º–µ–Ω—ë–Ω –∏—Å–ø–æ–ª–Ω–∏—Ç–µ–ª–µ–º.",,,–ö–ª–∏–µ–Ω—Ç—É: –ó–∞–∫–∞–∑ –æ—Ç–º–µ–Ω—ë–Ω,,order_cancelled
TaxiDelivery,any,feedback,–û—Å—Ç–∞–≤–∏—Ç—å –æ—Ç–∑—ã–≤,client,,"–ü–æ–∂–∞–ª—É–π—Å—Ç–∞, –æ—Ü–µ–Ω–∏—Ç–µ –∫–∞—á–µ—Å—Ç–≤–æ –æ–±—Å–ª—É–∂–∏–≤–∞–Ω–∏—è:",1‚≠ê|2‚≠ê|3‚≠ê|4‚≠ê|5‚≠ê,,–û–ø–µ—Ä–∞—Ç–æ—Ä—É: –ü–æ–ª—É—á–µ–Ω –æ—Ç–∑—ã–≤,,save:feedback:{text}
TaxiDelivery,done,start,–ó–∞–∫–∞–∑–∞—Ç—å —Å–Ω–æ–≤–∞,client,,"–•–æ—Ç–∏—Ç–µ —Å–¥–µ–ª–∞—Ç—å –Ω–æ–≤—ã–π –∑–∞–∫–∞–∑?",üöï –¢–∞–∫—Å–∏|üçï –î–æ—Å—Ç–∞–≤–∫–∞,,,
TaxiDelivery,cancelled,start,–ó–∞–∫–∞–∑–∞—Ç—å —Å–Ω–æ–≤–∞,client,,"–•–æ—Ç–∏—Ç–µ —Å–¥–µ–ª–∞—Ç—å –Ω–æ–≤—ã–π –∑–∞–∫–∞–∑?",üöï –¢–∞–∫—Å–∏|üçï –î–æ—Å—Ç–∞–≤–∫–∞,,,